Scenario,Action,Expected Result,Status(Pass/Fail)
Register Page,"Click ""Create an employee account"" on Login page","Navigates to ""/register"" and displays registration form",
Login Page from Register,"Click ""Back to sign in"" on Register page","Navigates to ""/login"" and displays sign-in form",
Login Page from OTP,"Click ""Back to sign in"" on OTP verification page","Navigates to ""/login"" and displays sign-in form",
Home Dashboard,"Click ""Home"" sidebar navigation link","Navigates to ""/"" and displays home dashboard",
All Applications Page,"Click ""All applications"" sidebar navigation link","Navigates to ""/apps"" and displays full launcher grid",
What's New Page,"Click ""What's new"" sidebar navigation link","Navigates to ""/updates"" and displays release timeline",
Security & SSO Page,"Click ""Security & SSO"" sidebar navigation link","Navigates to ""/sso"" and displays connected apps status",
Quick Access Settings (Sidebar),"Click ""Customize"" link in sidebar Quick Access section","Navigates to ""/quick-access"" customization view",
Quick Access Launch,Click any application link in sidebar Quick Access section,Launches application (new tab for external / same tab for internal),
Admin Applications (Sidebar),"Click ""Admin applications"" sidebar link (Administrator only)","Navigates to ""/admin-apps"" and displays protected launcher",
App Settings (Sidebar),"Click ""App settings"" sidebar link (Administrator only)","Navigates to ""/admin"" and displays management workspace",
Add Application (Topbar),"Click ""Add app"" button in topbar (Administrator only)","Navigates to ""/admin"" and displays Add Application form",
Log out execution,"Click ""Sign out"" icon button in topbar","Clears authentication session and redirects to ""/login""",
Open full launcher,"Click ""Open full launcher ->"" link on dashboard","Navigates to ""/apps""",
View all releases,"Click ""View all releases ->"" link on dashboard","Navigates to ""/updates""",
View release details,"Click ""View release details ->"" on a specific release card","Navigates to ""/updates#release-<id>"" and scrolls to that item",
Customize Quick Access (Dashboard),"Click ""Customize"" button in dashboard Quick Access panel","Navigates to ""/quick-access""",
Admin Applications (Dashboard),"Click ""Admin applications"" button in dashboard intro (Admin only)","Navigates to ""/admin-apps""",
Add Application (Dashboard),"Click ""Add application"" button in dashboard intro (Admin only)","Navigates to ""/admin""",
Return Home (from Apps),"Click ""Home"" button on All applications page","Navigates back to ""/""",
Return Home (from Updates),"Click ""Home"" button on What's new page","Navigates back to ""/""",
Return Home (from SSO),"Click ""Home"" button on Security & SSO page","Navigates back to ""/""",
Return Home (from Quick Access),"Click ""Home"" button on Quick Access settings page","Navigates back to ""/""",
Return Home (from Admin Apps),"Click ""Home"" button on Admin applications page","Navigates back to ""/""",
Return Home (from App Settings),"Click ""Home"" button on App settings page","Navigates back to ""/""",
Manage Settings (from Admin Apps),"Click ""Manage settings"" button on Admin applications page","Navigates to ""/admin""",
Edit Application,"Click ""Edit"" button on an app in Manage tab","Navigates to ""/admin/apps/edit?id=<id>""",
Cancel Edit,"Click ""Cancel"" button on Edit Application form","Navigates to ""/admin?tab=manage""",
Add Application Tab,"Click ""Add application"" tab in App settings",Displays publish application form panel,
Manage & Visibility Tab,"Click ""Manage & visibility"" tab in App settings",Displays applications table panel,
Manage Users Tab,"Click ""Manage users"" tab in App settings",Displays user registry table panel,
Upcoming Releases Tab,"Click ""Upcoming releases"" tab in App settings",Displays release publisher and announcements list panel,
Audit Trail Tab,"Click ""Audit trail"" tab in App settings",Displays security logs table panel,
Invalid paths redirection,"Navigate to any unregistered URL path (e.g. ""/random"")","Displays 404 ""Page not found"" with ""Return home"" link",
Return Home (from 404),"Click ""Return home"" link on 404 page","Navigates back to ""/""",
Unauthorized Admin Access,"Navigate manually to ""/admin"" as an Employee","Displays 403 ""Administrator access required"" page",
Unauthorized Admin Apps Access,"Navigate manually to ""/admin-apps"" as an Employee","Displays 403 ""Administrator access required"" page",
Unauthorized Edit App Access,"Navigate manually to ""/admin/apps/edit?id=1"" as an Employee","Displays 403 ""Administrator access required"" page",
