Area,Essential requirement,How to validate it,Priority,Category,Reasoning
Business purpose,"Clear problem, target user, and expected outcome",Demonstrate one complete client use case,P0,Implemented perfectly,Fully functional workspace portal serving its intended audience.
Core workflow,"Main tasks work from start to finish, including errors and retries",Run a documented end-to-end scenario,P0,Implemented perfectly,E2E flows (login app launch SSO) work flawlessly.
UI / UX tests,,,P0,Safe to implement without any issues,Writing automated tests runs externally and won't modify or break production code.
Login,"Secure authentication; no shared user accounts","Test valid login, failed login, logout, and password reset",P0,Safe to implement without any issues,Adding a standalone /forgot-password route is a contained safe update.
Session security,"Sessions expire; logout invalidates access",Try using the application after logout or expiry,P0,Implemented perfectly,12-hour expiry secure cookies and DB session wiping are built in.
Roles and permissions,"Define who can view, create, approve, administer, and export",Test each role against permitted and forbidden actions,P0,Implemented perfectly,Strict Employee vs. Administrator RBAC is enforced.
Admin portal,"Admin can manage users, roles, settings, and access without developer assistance",Complete routine administration through the UI,P0,Implemented perfectly,Fully functional admin UI for managing the workspace.
Client data isolation,One client or workspace cannot access another's data,"Test access across tenants, workspaces, and APIs",P0,Implemented perfectly,Queries are strictly scoped by user ID preventing cross-access.
Data protection,"Encrypt traffic and stored sensitive data; keep secrets out of code",Review configuration and inspect deployed environment,P0,Implemented perfectly,PBKDF2 hashing used and secrets are moved to environment variables.
Audit trail,"Record important logins, changes, approvals, exports, and admin actions","Trace an action to user, time, and result",P0,Safe to implement without any issues,Simply adding self.audit() calls to existing admin routes is a safe quick win.
Input and API security,Validate inputs and enforce permissions on the server,Test invalid input and direct API access,P0,Implemented perfectly,CSRF protection and strict server-side validation are enforced.
Error handling,Show useful errors without revealing secrets or technical internals,Trigger failures in the UI and inspect responses,P0,Implemented perfectly,Secure flash messages handle errors with no leaked stack traces.
Backup and recovery,Back up client data and prove it can be restored,Perform a test restore,P0,Out of scope,Managed externally by Supabase PostgreSQL; custom app-level backup scripts are redundant.
Deployment and configuration,"Repeatable installation with separate development, test, and client environments",Deploy from documented steps to a clean environment,P0,Safe to implement without any issues,Adding a Dockerfile or config files doesn't touch the application code.
Monitoring and support,Detect failures and provide logs that help resolve them,Trigger a test failure and confirm it is visible,P0,Safe to implement without any issues,Adding a logging SDK (like Sentry) is a standard passive addition.
Documentation,"Provide a user guide, admin guide, and support contact/process",Ask someone outside the development team to follow them,P0,Safe to implement without any issues,Writing markdown guides doesn't affect the codebase.
Performance,Acceptable response time with realistic users and data volumes,Test a representative client workload,P0,High impact [application might break architectural change],Swapping the built-in ThreadingHTTPServer for a production WSGI server changes the concurrency model.
Data retention and deletion,Define how long data is kept and how it is exported or removed,Test export and deletion for a sample client,P1,High impact [application might break architectural change],Requires introducing a background task scheduler (like Celery) which is a major architectural shift.
Enterprise sign-in,Support client SSO and MFA where required,Test with a representative identity provider,P1,Implemented perfectly,MFA (OTP) and SSO token generation (JWT) are working securely.
Accessibility and usability,"Keyboard use, readable errors, labels, and usable screen layouts",Review against WCAG 2.2,P1,Safe to implement without any issues,Adding ARIA labels and focus states only touches HTML/CSS.
Release management,"Versioning, change log, rollback, and dependency checks",Deploy an update and roll it back safely,P1,Safe to implement without any issues,Adding CI/CD workflows (GitHub Actions) runs independently of the app.
