Area,Priority,Essential requirement,How to validate it,Implementation Status,Analysis
Business purpose,P0,Clear problem target user and expected outcome,Demonstrate one complete client use case,Fully Implemented,The application successfully functions as an enterprise workspace launcher for employees and admins.
Core workflow,P0,Main tasks work from start to finish including errors and retries,Run a documented end-to-end scenario,Fully Implemented,End-to-end flows (logging in/viewing dashboard/navigating apps/launching SSO) work start to finish.
UI / UX tests,P0,Automated testing of user interfaces,,Not Implemented,There are no automated UI tests (e.g. Selenium/Cypress) in the codebase.
Login,P0,Secure authentication; no shared user accounts,Test valid login/failed login/logout and password reset,Partially Implemented,"Secure authentication, valid/failed logins, and logout exist. Missing: No password reset or Forgot Password flow."
Session security,P0,Sessions expire; logout invalidates access,Try using the application after logout or expiry,Fully Implemented,Sessions use cryptographically signed HTTP-only cookies/expire after 12 hours/and are wiped from the DB on logout.
Roles and permissions,P0,"Define who can view, create, approve, administer, and export",Test each role against permitted and forbidden actions,Fully Implemented,Employee and Administrator roles are strictly enforced. Admin routes throw 403 Forbidden errors if accessed by employees.
Admin portal,P0,"Admin can manage users, roles, settings, and access without developer assistance",Complete routine administration through the UI,Fully Implemented,Full Admin portal exists allowing management of users/application visibility/and system announcements.
Client data isolation,P0,One client or workspace cannot access another's data,"Test access across tenants, workspaces, and APIs",Fully Implemented,Data (like Quick Access layouts and sessions) is strictly queried using user_id. Admins cannot access individual user sessions.
Data protection,P0,Encrypt traffic and stored sensitive data; keep secrets out of code,Review configuration and inspect deployed environment,Fully Implemented,Passwords are securely hashed via PBKDF2. Secrets are pulled from environment variables and excluded via .gitignore.
Audit trail,P0,"Record important logins, changes, approvals, exports, and admin actions","Trace an action to user, time, and result",Partially Implemented,The audit_logs table tracks user logins and app launches. Missing: Does not currently log Admin actions (e.g. creating apps).
Input and API security,P0,Validate inputs and enforce permissions on the server,Test invalid input and direct API access,Fully Implemented,Backend enforces CSRF tokens on POST requests/limits string lengths/and restricts API endpoints to authenticated sessions.
Error handling,P0,Show useful errors without revealing secrets or technical internals,Trigger failures in the UI and inspect responses,Fully Implemented,Errors are caught and returned as user-friendly flash messages. No stack traces are leaked to the UI.
Backup and recovery,P0,Back up client data and prove it can be restored,Perform a test restore,Not Implemented,"While Supabase handles DB backups, there are no documented backup/restore scripts or processes in this codebase."
Deployment and configuration,P0,"Repeatable installation with separate development, test, and client environments",Deploy from documented steps to a clean environment,Partially Implemented,"Config is controlled via environment variables. Missing: Deployment scripts, Dockerfiles, or documented setup guides."
Monitoring and support,P0,Detect failures and provide logs that help resolve them,Trigger a test failure and confirm it is visible,Partially Implemented,A /health endpoint exists. Missing: No integration with APM tools (Datadog/Sentry) for alerting on failures.
Documentation,P0,"Provide a user guide, admin guide, and support contact/process",Ask someone outside the development team to follow them,Not Implemented,No User Guide/Admin Guide/or Support documentation exists in the repository.
Performance,P0,Acceptable response time with realistic users and data volumes,Test a representative client workload,Partially Implemented,"Code uses efficient DB queries. Missing: Runs on Python's built-in ThreadingHTTPServer, not a production WSGI server."
Data retention and deletion,P1,Define how long data is kept and how it is exported or removed,Test export and deletion for a sample client,Not Implemented,No mechanism for users to delete accounts or scheduled jobs to purge expired sessions/logs.
Enterprise sign-in,P1,Support client SSO and MFA where required,Test with a representative identity provider,Fully Implemented,App supports MFA (Brevo email OTP) and acts as an SSO Identity Provider (generating signed JWTs) for downstream apps.
Accessibility and usability,P1,"Keyboard use, readable errors, labels, and usable screen layouts",Review against WCAG 2.2,Partially Implemented,Semantic HTML is used but the UI has not been formally tested against WCAG 2.2 standards (focus states/ARIA labels).
Release management,P1,"Versioning, change log, rollback, and dependency checks",Deploy an update and roll it back safely,Partially Implemented,"App includes a user-facing Release Centre. Missing: Developer CI/CD pipelines, automated rollbacks, and dependency checks."
